{
  "benign": {
    "precision": 0.8972972972972973,
    "recall": 0.8341708542713567,
    "f1-score": 0.8645833333333334,
    "support": 796.0
  },
  "malignant": {
    "precision": 0.8450704225352113,
    "recall": 0.9045226130653267,
    "f1-score": 0.8737864077669902,
    "support": 796.0
  },
  "accuracy": 0.8693467336683417,
  "macro avg": {
    "precision": 0.8711838599162542,
    "recall": 0.8693467336683417,
    "f1-score": 0.8691848705501618,
    "support": 1592.0
  },
  "weighted avg": {
    "precision": 0.8711838599162542,
    "recall": 0.8693467336683417,
    "f1-score": 0.8691848705501619,
    "support": 1592.0
  }
}