{
  "Benign": {
    "precision": 0.45454545454545453,
    "recall": 0.15555555555555556,
    "f1-score": 0.23178807947019867,
    "support": 225.0
  },
  "Early": {
    "precision": 0.703030303030303,
    "recall": 0.5155555555555555,
    "f1-score": 0.5948717948717949,
    "support": 225.0
  },
  "Pre": {
    "precision": 0.6353790613718412,
    "recall": 0.7822222222222223,
    "f1-score": 0.701195219123506,
    "support": 225.0
  },
  "Pro": {
    "precision": 0.49606299212598426,
    "recall": 0.84,
    "f1-score": 0.6237623762376238,
    "support": 225.0
  },
  "accuracy": 0.5733333333333334,
  "macro avg": {
    "precision": 0.5722544527683957,
    "recall": 0.5733333333333334,
    "f1-score": 0.5379043674257808,
    "support": 900.0
  },
  "weighted avg": {
    "precision": 0.5722544527683957,
    "recall": 0.5733333333333334,
    "f1-score": 0.5379043674257808,
    "support": 900.0
  }
}