{
  "Cyst": {
    "precision": 0.9586114819759679,
    "recall": 0.9434954007884363,
    "f1-score": 0.9509933774834437,
    "support": 761.0
  },
  "Normal": {
    "precision": 0.977922077922078,
    "recall": 0.9881889763779528,
    "f1-score": 0.9830287206266318,
    "support": 762.0
  },
  "Stone": {
    "precision": 0.9423076923076923,
    "recall": 0.9645669291338582,
    "f1-score": 0.953307392996109,
    "support": 762.0
  },
  "Tumor": {
    "precision": 0.9679144385026738,
    "recall": 0.9501312335958005,
    "f1-score": 0.9589403973509933,
    "support": 762.0
  },
  "accuracy": 0.9616015753199869,
  "macro avg": {
    "precision": 0.961688922677103,
    "recall": 0.961595634974012,
    "f1-score": 0.9615674721142944,
    "support": 3047.0
  },
  "weighted avg": {
    "precision": 0.9616899326674874,
    "recall": 0.9616015753199869,
    "f1-score": 0.9615709424440059,
    "support": 3047.0
  }
}