{
  "CLL": {
    "precision": 0.8185840707964602,
    "recall": 0.8222222222222222,
    "f1-score": 0.8203991130820399,
    "support": 225.0
  },
  "FL": {
    "precision": 0.7787234042553192,
    "recall": 0.8133333333333334,
    "f1-score": 0.7956521739130434,
    "support": 225.0
  },
  "MCL": {
    "precision": 0.7616822429906542,
    "recall": 0.7244444444444444,
    "f1-score": 0.7425968109339408,
    "support": 225.0
  },
  "accuracy": 0.7866666666666666,
  "macro avg": {
    "precision": 0.7863299060141445,
    "recall": 0.7866666666666666,
    "f1-score": 0.786216032643008,
    "support": 675.0
  },
  "weighted avg": {
    "precision": 0.7863299060141445,
    "recall": 0.7866666666666666,
    "f1-score": 0.7862160326430081,
    "support": 675.0
  }
}