{
  "Normal": {
    "precision": 0.9201228878648233,
    "recall": 0.9344773790951638,
    "f1-score": 0.9272445820433437,
    "support": 641.0
  },
  "Pneumonia": {
    "precision": 0.9334389857369255,
    "recall": 0.9188767550702028,
    "f1-score": 0.9261006289308176,
    "support": 641.0
  },
  "accuracy": 0.9266770670826833,
  "macro avg": {
    "precision": 0.9267809368008744,
    "recall": 0.9266770670826834,
    "f1-score": 0.9266726054870806,
    "support": 1282.0
  },
  "weighted avg": {
    "precision": 0.9267809368008744,
    "recall": 0.9266770670826833,
    "f1-score": 0.9266726054870806,
    "support": 1282.0
  }
}