{
  "glioma": {
    "precision": 0.818815331010453,
    "recall": 0.7833333333333333,
    "f1-score": 0.8006814310051107,
    "support": 300.0
  },
  "meningioma": {
    "precision": 0.7090909090909091,
    "recall": 0.65,
    "f1-score": 0.6782608695652174,
    "support": 300.0
  },
  "notumor": {
    "precision": 0.9337979094076655,
    "recall": 0.8933333333333333,
    "f1-score": 0.9131175468483816,
    "support": 300.0
  },
  "pituitary": {
    "precision": 0.8148148148148148,
    "recall": 0.9533333333333334,
    "f1-score": 0.8786482334869432,
    "support": 300.0
  },
  "accuracy": 0.82,
  "macro avg": {
    "precision": 0.8191297410809606,
    "recall": 0.8200000000000001,
    "f1-score": 0.8176770202264133,
    "support": 1200.0
  },
  "weighted avg": {
    "precision": 0.8191297410809606,
    "recall": 0.82,
    "f1-score": 0.8176770202264133,
    "support": 1200.0
  }
}