{
  "Benign": {
    "precision": 0.9273504273504274,
    "recall": 0.9644444444444444,
    "f1-score": 0.9455337690631809,
    "support": 225.0
  },
  "Early": {
    "precision": 0.9596412556053812,
    "recall": 0.9511111111111111,
    "f1-score": 0.9553571428571429,
    "support": 225.0
  },
  "Pre": {
    "precision": 0.9864864864864865,
    "recall": 0.9733333333333334,
    "f1-score": 0.9798657718120806,
    "support": 225.0
  },
  "Pro": {
    "precision": 0.9909502262443439,
    "recall": 0.9733333333333334,
    "f1-score": 0.9820627802690582,
    "support": 225.0
  },
  "accuracy": 0.9655555555555555,
  "macro avg": {
    "precision": 0.9661070989216597,
    "recall": 0.9655555555555557,
    "f1-score": 0.9657048660003656,
    "support": 900.0
  },
  "weighted avg": {
    "precision": 0.9661070989216597,
    "recall": 0.9655555555555555,
    "f1-score": 0.9657048660003658,
    "support": 900.0
  }
}