{
  "Cyst": {
    "precision": 0.7967257844474761,
    "recall": 0.7674113009198423,
    "f1-score": 0.7817938420348058,
    "support": 761.0
  },
  "Normal": {
    "precision": 0.8260869565217391,
    "recall": 0.8976377952755905,
    "f1-score": 0.8603773584905661,
    "support": 762.0
  },
  "Stone": {
    "precision": 0.7820343461030383,
    "recall": 0.7769028871391076,
    "f1-score": 0.7794601711652402,
    "support": 762.0
  },
  "Tumor": {
    "precision": 0.7805212620027435,
    "recall": 0.7467191601049868,
    "f1-score": 0.7632461435278337,
    "support": 762.0
  },
  "accuracy": 0.7971775516901871,
  "macro avg": {
    "precision": 0.7963420872687492,
    "recall": 0.7971677858598818,
    "f1-score": 0.7962193788046115,
    "support": 3047.0
  },
  "weighted avg": {
    "precision": 0.7963419613425337,
    "recall": 0.7971775516901871,
    "f1-score": 0.7962241131455271,
    "support": 3047.0
  }
}