{
  "CLL": {
    "precision": 0.5435435435435435,
    "recall": 0.8044444444444444,
    "f1-score": 0.6487455197132617,
    "support": 225.0
  },
  "FL": {
    "precision": 0.588957055214724,
    "recall": 0.4266666666666667,
    "f1-score": 0.4948453608247423,
    "support": 225.0
  },
  "MCL": {
    "precision": 0.4748603351955307,
    "recall": 0.37777777777777777,
    "f1-score": 0.4207920792079208,
    "support": 225.0
  },
  "accuracy": 0.5362962962962963,
  "macro avg": {
    "precision": 0.5357869779845994,
    "recall": 0.5362962962962963,
    "f1-score": 0.5214609865819749,
    "support": 675.0
  },
  "weighted avg": {
    "precision": 0.5357869779845994,
    "recall": 0.5362962962962963,
    "f1-score": 0.5214609865819749,
    "support": 675.0
  }
}