{
  "Normal": {
    "precision": 0.6237113402061856,
    "recall": 0.5975308641975309,
    "f1-score": 0.6103404791929382,
    "support": 405.0
  },
  "OSCC": {
    "precision": 0.6137440758293838,
    "recall": 0.6395061728395062,
    "f1-score": 0.626360338573156,
    "support": 405.0
  },
  "accuracy": 0.6185185185185185,
  "macro avg": {
    "precision": 0.6187277080177846,
    "recall": 0.6185185185185185,
    "f1-score": 0.6183504088830472,
    "support": 810.0
  },
  "weighted avg": {
    "precision": 0.6187277080177848,
    "recall": 0.6185185185185185,
    "f1-score": 0.6183504088830472,
    "support": 810.0
  }
}