{
  "FedMAM": {
    "round": [
      1.0,
      2.0,
      3.0,
      4.0,
      5.0,
      6.0,
      7.0
    ],
    "train_accuracy": [
      0.9214334388573965,
      0.9296111563841502,
      0.9336593449115753,
      0.9365860422452291,
      0.9426811933517456,
      0.9374510844548544,
      0.946826159954071
    ],
    "val_accuracy": [
      0.8733034332593282,
      0.9454518854618073,
      0.9416551093260447,
      0.9464635848999023,
      0.9522287646929423,
      0.9224305550257365,
      0.9503929416338602
    ],
    "train_loss": [
      0.2882263200978438,
      0.27047700559099513,
      0.2567388427754243,
      0.2500380265216033,
      0.2314764546851317,
      0.24185595413049063,
      0.21800962587197623
    ]
  }
}