{
  "AK": {
    "precision": 1.0,
    "recall": 0.9032258064516129,
    "f1-score": 0.9491525423728814,
    "support": 31.0
  },
  "BCC": {
    "precision": 1.0,
    "recall": 1.0,
    "f1-score": 1.0,
    "support": 35.0
  },
  "BKL": {
    "precision": 0.7222222222222222,
    "recall": 0.7878787878787878,
    "f1-score": 0.7536231884057971,
    "support": 33.0
  },
  "DF": {
    "precision": 0.875,
    "recall": 0.5185185185185185,
    "f1-score": 0.6511627906976745,
    "support": 27.0
  },
  "MEL": {
    "precision": 0.825,
    "recall": 0.868421052631579,
    "f1-score": 0.8461538461538461,
    "support": 38.0
  },
  "NV": {
    "precision": 0.7058823529411765,
    "recall": 0.9230769230769231,
    "f1-score": 0.8,
    "support": 39.0
  },
  "SCC": {
    "precision": 1.0,
    "recall": 0.9428571428571428,
    "f1-score": 0.9705882352941176,
    "support": 35.0
  },
  "VASC": {
    "precision": 0.8461538461538461,
    "recall": 0.8148148148148148,
    "f1-score": 0.8301886792452831,
    "support": 27.0
  },
  "accuracy": 0.8566037735849057,
  "macro avg": {
    "precision": 0.8717823026646556,
    "recall": 0.8448491307786723,
    "f1-score": 0.8501086602712,
    "support": 265.0
  },
  "weighted avg": {
    "precision": 0.8686184865818606,
    "recall": 0.8566037735849057,
    "f1-score": 0.8551479928624557,
    "support": 265.0
  }
}