{
  "CLL": {
    "precision": 0.5306122448979592,
    "recall": 0.5777777777777777,
    "f1-score": 0.5531914893617021,
    "support": 225.0
  },
  "FL": {
    "precision": 0.49333333333333335,
    "recall": 0.8222222222222222,
    "f1-score": 0.6166666666666667,
    "support": 225.0
  },
  "MCL": {
    "precision": 0.43636363636363634,
    "recall": 0.10666666666666667,
    "f1-score": 0.17142857142857143,
    "support": 225.0
  },
  "accuracy": 0.5022222222222222,
  "macro avg": {
    "precision": 0.4867697381983096,
    "recall": 0.5022222222222222,
    "f1-score": 0.44709557581898013,
    "support": 675.0
  },
  "weighted avg": {
    "precision": 0.48676973819830965,
    "recall": 0.5022222222222222,
    "f1-score": 0.4470955758189801,
    "support": 675.0
  }
}