Client_ID,Dataset,Classes,Val_Samples,Accuracy,Precision,Recall,F1_Score
0,Kidney_Cancer,4,6092,0.9766907419566645,0.9779523854245052,0.9766907419566645,0.9767538652134741
1,Leukemia,4,1800,0.9922222222222222,0.9922902553344328,0.9922222222222222,0.9922188322922211
2,Lung_Colon_Cancer,4,6000,0.9918333333333333,0.9920112440282209,0.9918333333333333,0.9918312115929684
3,Lymphoma,3,1350,0.845925925925926,0.8576666569913697,0.845925925925926,0.8453071192295656
4,Brain_Tumor,4,2400,0.9045833333333333,0.9157417225881184,0.9045833333333333,0.9065001009363213
5,Chest_Xray,2,2563,0.9793211080764729,0.9794240155715908,0.9793211080764729,0.9793187150393432
