{
  "Colon_Adenocarcinoma": {
    "precision": 0.8004926108374384,
    "recall": 0.8666666666666667,
    "f1-score": 0.8322663252240717,
    "support": 750.0
  },
  "Colon_Benign_Tissue": {
    "precision": 0.9037037037037037,
    "recall": 0.8133333333333334,
    "f1-score": 0.856140350877193,
    "support": 750.0
  },
  "Lung-Benign_Tissue": {
    "precision": 0.8193384223918575,
    "recall": 0.8586666666666667,
    "f1-score": 0.8385416666666666,
    "support": 750.0
  },
  "Lung_Adenocarcinoma": {
    "precision": 0.7881705639614855,
    "recall": 0.764,
    "f1-score": 0.7758970886932972,
    "support": 750.0
  },
  "accuracy": 0.8256666666666667,
  "macro avg": {
    "precision": 0.8279263252236213,
    "recall": 0.8256666666666668,
    "f1-score": 0.8257113578653071,
    "support": 3000.0
  },
  "weighted avg": {
    "precision": 0.8279263252236213,
    "recall": 0.8256666666666667,
    "f1-score": 0.8257113578653071,
    "support": 3000.0
  }
}