{
  "glioma": {
    "precision": 0.9484126984126984,
    "recall": 0.7966666666666666,
    "f1-score": 0.8659420289855072,
    "support": 300.0
  },
  "meningioma": {
    "precision": 0.7822085889570553,
    "recall": 0.85,
    "f1-score": 0.8146964856230032,
    "support": 300.0
  },
  "notumor": {
    "precision": 0.9566666666666667,
    "recall": 0.9566666666666667,
    "f1-score": 0.9566666666666667,
    "support": 300.0
  },
  "pituitary": {
    "precision": 0.9006211180124224,
    "recall": 0.9666666666666667,
    "f1-score": 0.932475884244373,
    "support": 300.0
  },
  "accuracy": 0.8925,
  "macro avg": {
    "precision": 0.8969772680122106,
    "recall": 0.8925,
    "f1-score": 0.8924452663798875,
    "support": 1200.0
  },
  "weighted avg": {
    "precision": 0.8969772680122107,
    "recall": 0.8925,
    "f1-score": 0.8924452663798875,
    "support": 1200.0
  }
}