{
  "benign": {
    "precision": 0.7965474722564735,
    "recall": 0.8115577889447236,
    "f1-score": 0.8039825762289982,
    "support": 796.0
  },
  "malignant": {
    "precision": 0.8079385403329066,
    "recall": 0.792713567839196,
    "f1-score": 0.8002536461636017,
    "support": 796.0
  },
  "accuracy": 0.8021356783919598,
  "macro avg": {
    "precision": 0.80224300629469,
    "recall": 0.8021356783919598,
    "f1-score": 0.8021181111962999,
    "support": 1592.0
  },
  "weighted avg": {
    "precision": 0.80224300629469,
    "recall": 0.8021356783919598,
    "f1-score": 0.8021181111962999,
    "support": 1592.0
  }
}