{
  "Normal": {
    "precision": 0.7382075471698113,
    "recall": 0.7728395061728395,
    "f1-score": 0.7551266586248492,
    "support": 405.0
  },
  "OSCC": {
    "precision": 0.7616580310880829,
    "recall": 0.725925925925926,
    "f1-score": 0.7433628318584071,
    "support": 405.0
  },
  "accuracy": 0.7493827160493827,
  "macro avg": {
    "precision": 0.7499327891289471,
    "recall": 0.7493827160493827,
    "f1-score": 0.7492447452416282,
    "support": 810.0
  },
  "weighted avg": {
    "precision": 0.7499327891289472,
    "recall": 0.7493827160493827,
    "f1-score": 0.7492447452416282,
    "support": 810.0
  }
}