{
  "Benign": {
    "precision": 0.902127659574468,
    "recall": 0.9422222222222222,
    "f1-score": 0.9217391304347826,
    "support": 225.0
  },
  "Early": {
    "precision": 0.9447004608294931,
    "recall": 0.9111111111111111,
    "f1-score": 0.9276018099547512,
    "support": 225.0
  },
  "Pre": {
    "precision": 0.9909502262443439,
    "recall": 0.9733333333333334,
    "f1-score": 0.9820627802690582,
    "support": 225.0
  },
  "Pro": {
    "precision": 0.9427312775330396,
    "recall": 0.9511111111111111,
    "f1-score": 0.9469026548672567,
    "support": 225.0
  },
  "accuracy": 0.9444444444444444,
  "macro avg": {
    "precision": 0.9451274060453361,
    "recall": 0.9444444444444444,
    "f1-score": 0.9445765938814622,
    "support": 900.0
  },
  "weighted avg": {
    "precision": 0.9451274060453362,
    "recall": 0.9444444444444444,
    "f1-score": 0.9445765938814621,
    "support": 900.0
  }
}