{
  "FedAvg": {
    "final_train_acc": 0.94,
    "final_val_acc": 0.9199999999999999,
    "best_val_acc": 0.9199999999999999,
    "training_time_minutes": 20.0,
    "convergence_round": 6
  },
  "FedProx": {
    "final_train_acc": 0.9658668551457851,
    "final_val_acc": 0.872755746046702,
    "best_val_acc": 0.8984917998313904,
    "training_time_minutes": 595.9526594837506,
    "convergence_round": 1,
    "mu": 0.01
  },
  "FedBN": {
    "final_train_acc": 0.943519651889801,
    "final_val_acc": 0.8430163760979971,
    "best_val_acc": 0.8880094488461813,
    "training_time_minutes": 260.34962348540625,
    "convergence_round": 1
  },
  "best_method": "FedAvg",
  "improvements": {
    "fedprox_vs_fedavg_percent": -5.135244994923685,
    "fedbn_vs_fedavg_percent": -8.367785206739441
  }
}