Method,Final Train Acc,Final Val Acc,Best Val Acc,Best Val Round,Training Time (min)
FedAvg,0.94,0.9199999999999999,0.9199999999999999,10,20.0
FedProx,0.9658668551457851,0.872755746046702,0.8984917998313904,2,595.9526594837506
FedBN,0.943519651889801,0.8430163760979971,0.8880094488461813,1,260.34962348540625
