client_id,client_name,num_classes,accuracy,precision,recall,f1_score,num_samples
0,Kidney_Cancer,4,0.8467093385852618,0.8726206014099102,0.8467093385852618,0.8363776024572065,6093
1,Leukemia,4,0.92,0.933547612940264,0.92,0.9206648657694961,1800
2,Lung_Colon_Cancer,4,0.9641666666666666,0.9665225824778276,0.9641666666666666,0.9641226709525528,6000
3,Lymphoma,3,0.8222222222222222,0.8528489977723762,0.8222222222222222,0.818030254801814,1350
4,Brain_Tumor,4,0.7804166666666666,0.8289765135866382,0.7804166666666666,0.7804075299162889,2400
5,Chest_Xray,2,0.9309672386895476,0.9392850050285197,0.9309672386895476,0.9305989146428554,2564
