client_id,client_name,num_classes,accuracy,precision,recall,f1_score,num_samples
0,Kidney_Cancer,4,0.9865419333661579,0.986817399537428,0.9865419333661579,0.9865293121758053,6093
1,Leukemia,4,0.9927777777777778,0.9928185663107157,0.9927777777777778,0.9927631765599977,1800
2,Lung_Colon_Cancer,4,0.9986666666666667,0.9986722721982537,0.9986666666666667,0.9986669613743986,6000
3,Lymphoma,3,0.82,0.8310293247459309,0.82,0.8216202833238209,1350
4,Brain_Tumor,4,0.8725,0.886733121130074,0.8725,0.8714583497624524,2400
5,Chest_Xray,2,0.9668486739469578,0.9681922364964286,0.9668486739469578,0.9668176692458508,2564
