client_id,client_name,num_classes,accuracy,precision,recall,f1_score,num_samples
0,Kidney_Cancer,4,0.98703430165764,0.9874523845478494,0.98703430165764,0.9870730638199715,6093
1,Leukemia,4,0.7616666666666667,0.8622494732087918,0.7616666666666667,0.7587129751713984,1800
2,Lung_Colon_Cancer,4,0.9746666666666667,0.9769981670533018,0.9746666666666667,0.9746132249243058,6000
3,Lymphoma,3,0.5111111111111111,0.5624865568387417,0.5111111111111111,0.5149729066935139,1350
4,Brain_Tumor,4,0.8729166666666667,0.9017657735508657,0.8729166666666667,0.8768474107455673,2400
5,Chest_Xray,2,0.9551482059282371,0.9580152215098274,0.9551482059282371,0.9550923352663675,2564
