{
  "FedAvg": {
    "round": [
      1,
      2,
      3,
      4,
      5,
      6,
      7
    ],
    "train_accuracy": [
      0.9192933340867361,
      0.9278335273265839,
      0.9295994440714518,
      0.9364460309346517,
      0.9354795813560486,
      0.9387869636217753,
      0.9410916864871979
    ],
    "val_accuracy": [
      0.8610435624917349,
      0.9453616042931875,
      0.9268259803454081,
      0.9014546175797781,
      0.9304900368054708,
      0.9353548983732859,
      0.9421572585900625
    ],
    "train_loss": []
  }
}