{
  "FedProx": {
    "round": [
      1,
      2,
      3,
      4,
      5,
      6,
      7
    ],
    "train_accuracy": [
      0.9438845414575899,
      0.9470599076551363,
      0.9559033002389966,
      0.9558300890438128,
      0.9599640285825456,
      0.9622783558240867,
      0.9658668551457851
    ],
    "val_accuracy": [
      0.8361084461212158,
      0.8984917998313904,
      0.8653847475846609,
      0.890926718711853,
      0.8707240025202433,
      0.8835909068584442,
      0.872755746046702
    ],
    "train_loss": [
      0.14548893974988925,
      0.13953978664454836,
      0.11947302203558008,
      0.11772918439473144,
      0.1106058767300115,
      0.1033193506072365,
      0.09618261997661452
    ]
  }
}