{
  "FedBN": {
    "round": [
      1,
      2,
      3,
      4,
      5,
      6,
      7
    ],
    "train_accuracy": [
      0.9219577113787333,
      0.9199323753515879,
      0.9292006293932596,
      0.9302248557408651,
      0.939302404721578,
      0.9377166529496511,
      0.943519651889801
    ],
    "val_accuracy": [
      0.8880094488461813,
      0.7852850606044134,
      0.7965412189563116,
      0.8187778840462366,
      0.8189215312401453,
      0.8315798838933309,
      0.8430163760979971
    ],
    "train_loss": [
      0.2917805922528108,
      0.2202024801323811,
      0.20157285034656525,
      0.1962947522600492,
      0.18057921280463538,
      0.17818065701673427,
      0.1673927204683423
    ]
  }
}