{
  "Colon_Adenocarcinoma": {
    "precision": 0.9840848806366048,
    "recall": 0.9893333333333333,
    "f1-score": 0.9867021276595744,
    "support": 750.0
  },
  "Colon_Benign_Tissue": {
    "precision": 0.9986559139784946,
    "recall": 0.9906666666666667,
    "f1-score": 0.9946452476572959,
    "support": 750.0
  },
  "Lung-Benign_Tissue": {
    "precision": 0.9933598937583001,
    "recall": 0.9973333333333333,
    "f1-score": 0.9953426480372588,
    "support": 750.0
  },
  "Lung_Adenocarcinoma": {
    "precision": 0.9893190921228304,
    "recall": 0.988,
    "f1-score": 0.9886591060707138,
    "support": 750.0
  },
  "accuracy": 0.9913333333333333,
  "macro avg": {
    "precision": 0.9913549451240575,
    "recall": 0.9913333333333333,
    "f1-score": 0.9913372823562108,
    "support": 3000.0
  },
  "weighted avg": {
    "precision": 0.9913549451240575,
    "recall": 0.9913333333333333,
    "f1-score": 0.9913372823562107,
    "support": 3000.0
  }
}