Method,W_Statistic,p_value,Normal
FedAvg,0.8168086575068756,0.05982186943445306,Yes
FedProx,0.9378399937354339,0.6193482753570138,Yes
FedBN,0.9396521851902586,0.6355891430474198,Yes
FedMAM,0.7149901221754915,0.0053911963471566585,No
