{
  "Normal": {
    "precision": 0.9687010954616588,
    "recall": 0.9656786271450858,
    "f1-score": 0.9671875,
    "support": 641.0
  },
  "Pneumonia": {
    "precision": 0.9657853810264385,
    "recall": 0.968798751950078,
    "f1-score": 0.9672897196261683,
    "support": 641.0
  },
  "accuracy": 0.9672386895475819,
  "macro avg": {
    "precision": 0.9672432382440487,
    "recall": 0.967238689547582,
    "f1-score": 0.9672386098130841,
    "support": 1282.0
  },
  "weighted avg": {
    "precision": 0.9672432382440487,
    "recall": 0.9672386895475819,
    "f1-score": 0.9672386098130842,
    "support": 1282.0
  }
}