{
  "AK": {
    "precision": 0.7777777777777778,
    "recall": 0.6774193548387096,
    "f1-score": 0.7241379310344828,
    "support": 31.0
  },
  "BCC": {
    "precision": 1.0,
    "recall": 0.8,
    "f1-score": 0.8888888888888888,
    "support": 35.0
  },
  "BKL": {
    "precision": 0.0,
    "recall": 0.0,
    "f1-score": 0.0,
    "support": 33.0
  },
  "DF": {
    "precision": 0.3333333333333333,
    "recall": 0.037037037037037035,
    "f1-score": 0.06666666666666667,
    "support": 27.0
  },
  "MEL": {
    "precision": 0.391304347826087,
    "recall": 0.9473684210526315,
    "f1-score": 0.5538461538461539,
    "support": 38.0
  },
  "NV": {
    "precision": 0.5932203389830508,
    "recall": 0.8974358974358975,
    "f1-score": 0.7142857142857143,
    "support": 39.0
  },
  "SCC": {
    "precision": 0.4666666666666667,
    "recall": 0.2,
    "f1-score": 0.28,
    "support": 35.0
  },
  "VASC": {
    "precision": 0.4146341463414634,
    "recall": 0.6296296296296297,
    "f1-score": 0.5,
    "support": 27.0
  },
  "accuracy": 0.5471698113207547,
  "macro avg": {
    "precision": 0.4971170763660474,
    "recall": 0.5236112924992382,
    "f1-score": 0.4659781693402383,
    "support": 265.0
  },
  "weighted avg": {
    "precision": 0.5043197163524312,
    "recall": 0.5471698113207547,
    "f1-score": 0.48136861764708216,
    "support": 265.0
  }
}