{
  "Normal": {
    "precision": 0.828125,
    "recall": 0.7851851851851852,
    "f1-score": 0.8060836501901141,
    "support": 405.0
  },
  "OSCC": {
    "precision": 0.795774647887324,
    "recall": 0.837037037037037,
    "f1-score": 0.8158844765342961,
    "support": 405.0
  },
  "accuracy": 0.8111111111111111,
  "macro avg": {
    "precision": 0.811949823943662,
    "recall": 0.8111111111111111,
    "f1-score": 0.8109840633622051,
    "support": 810.0
  },
  "weighted avg": {
    "precision": 0.811949823943662,
    "recall": 0.8111111111111111,
    "f1-score": 0.8109840633622051,
    "support": 810.0
  }
}