{
  "AK": {
    "precision": 0.967741935483871,
    "recall": 0.967741935483871,
    "f1-score": 0.967741935483871,
    "support": 31.0
  },
  "BCC": {
    "precision": 0.9722222222222222,
    "recall": 1.0,
    "f1-score": 0.9859154929577465,
    "support": 35.0
  },
  "BKL": {
    "precision": 1.0,
    "recall": 1.0,
    "f1-score": 1.0,
    "support": 33.0
  },
  "DF": {
    "precision": 0.8214285714285714,
    "recall": 0.8518518518518519,
    "f1-score": 0.8363636363636363,
    "support": 27.0
  },
  "MEL": {
    "precision": 0.9444444444444444,
    "recall": 0.8947368421052632,
    "f1-score": 0.918918918918919,
    "support": 38.0
  },
  "NV": {
    "precision": 0.9024390243902439,
    "recall": 0.9487179487179487,
    "f1-score": 0.925,
    "support": 39.0
  },
  "SCC": {
    "precision": 0.9428571428571428,
    "recall": 0.9428571428571428,
    "f1-score": 0.9428571428571428,
    "support": 35.0
  },
  "VASC": {
    "precision": 0.92,
    "recall": 0.8518518518518519,
    "f1-score": 0.8846153846153846,
    "support": 27.0
  },
  "accuracy": 0.9358490566037736,
  "macro avg": {
    "precision": 0.933891667603312,
    "recall": 0.9322196966084912,
    "f1-score": 0.9326765638995875,
    "support": 265.0
  },
  "weighted avg": {
    "precision": 0.9363409813073872,
    "recall": 0.9358490566037736,
    "f1-score": 0.935726017882542,
    "support": 265.0
  }
}