{
  "Normal": {
    "precision": 0.7913793103448276,
    "recall": 0.7160686427457098,
    "f1-score": 0.7518427518427518,
    "support": 641.0
  },
  "Pneumonia": {
    "precision": 0.7407407407407407,
    "recall": 0.8112324492979719,
    "f1-score": 0.774385703648548,
    "support": 641.0
  },
  "accuracy": 0.7636505460218409,
  "macro avg": {
    "precision": 0.7660600255427841,
    "recall": 0.7636505460218408,
    "f1-score": 0.76311422774565,
    "support": 1282.0
  },
  "weighted avg": {
    "precision": 0.7660600255427842,
    "recall": 0.7636505460218409,
    "f1-score": 0.7631142277456499,
    "support": 1282.0
  }
}