{
  "Cyst": {
    "precision": 0.7890520694259012,
    "recall": 0.7766097240473062,
    "f1-score": 0.7827814569536424,
    "support": 761.0
  },
  "Normal": {
    "precision": 0.8708010335917312,
    "recall": 0.884514435695538,
    "f1-score": 0.8776041666666666,
    "support": 762.0
  },
  "Stone": {
    "precision": 0.700228832951945,
    "recall": 0.8031496062992126,
    "f1-score": 0.7481662591687042,
    "support": 762.0
  },
  "Tumor": {
    "precision": 0.84,
    "recall": 0.7165354330708661,
    "f1-score": 0.773371104815864,
    "support": 762.0
  },
  "accuracy": 0.7952084017065967,
  "macro avg": {
    "precision": 0.8000204839923943,
    "recall": 0.7952022997782308,
    "f1-score": 0.7954807469012193,
    "support": 3047.0
  },
  "weighted avg": {
    "precision": 0.8000240837346216,
    "recall": 0.7952084017065967,
    "f1-score": 0.7954849147023181,
    "support": 3047.0
  }
}