{
  "benign": {
    "precision": 0.6205673758865248,
    "recall": 0.6595477386934674,
    "f1-score": 0.6394640682095006,
    "support": 796.0
  },
  "malignant": {
    "precision": 0.6367292225201072,
    "recall": 0.5967336683417085,
    "f1-score": 0.6160830090791181,
    "support": 796.0
  },
  "accuracy": 0.628140703517588,
  "macro avg": {
    "precision": 0.628648299203316,
    "recall": 0.6281407035175879,
    "f1-score": 0.6277735386443093,
    "support": 1592.0
  },
  "weighted avg": {
    "precision": 0.628648299203316,
    "recall": 0.628140703517588,
    "f1-score": 0.6277735386443094,
    "support": 1592.0
  }
}